Age,Department,MonthlyIncome,DistanceFromHome,JobRole,Education,JobSatisfaction,YearsAtCompany,Attrition
58,HR,16287.0,18,Engineer,3,,32,No
48,Sales,15965.0,4,Executive,2,4.0,3,No
34,HR,11519.0,3,Executive,2,,33,No
27,R&D,15380.0,13,Executive,3,3.0,2,No
40,R&D,13865.0,23,Executive,2,2.0,25,No
58,Sales,10125.0,9,Manager,4,1.0,7,No
38,HR,5291.0,21,Manager,2,4.0,5,No
42,Sales,6033.0,6,Clerk,1,2.0,15,No
30,Sales,7105.0,26,Engineer,4,4.0,23,No
30,HR,19087.0,28,Engineer,4,3.0,38,Yes
43,HR,10133.0,12,Executive,4,3.0,29,No
55,HR,18958.0,2,Manager,3,1.0,12,No
59,R&D,7704.0,3,Executive,3,3.0,4,No
43,Sales,9848.0,3,Clerk,4,2.0,24,No
22,Sales,,28,Engineer,3,3.0,19,No
41,R&D,8924.0,12,Engineer,2,1.0,17,No
21,HR,2488.0,15,Executive,3,4.0,17,No
43,R&D,9114.0,9,Clerk,3,4.0,1,No
49,R&D,17740.0,23,Engineer,4,3.0,9,No
57,R&D,5173.0,8,Clerk,1,2.0,11,No
21,Sales,3667.0,11,Clerk,1,1.0,12,No
40,R&D,6114.0,16,Executive,1,2.0,10,No
52,Sales,5553.0,26,Manager,2,1.0,18,No
31,Sales,9761.0,27,Executive,3,3.0,34,No
41,Sales,3000.0,25,Manager,1,1.0,38,Yes
44,HR,17638.0,22,Clerk,4,1.0,25,No
46,Sales,19772.0,4,Manager,1,,13,No
47,Sales,7450.0,28,Clerk,1,,23,No
35,HR,5712.0,1,Engineer,3,3.0,0,No
34,Sales,3367.0,24,Engineer,3,1.0,21,Yes
22,R&D,10189.0,7,Engineer,3,3.0,22,No
56,R&D,11013.0,2,Executive,2,,18,No
26,Sales,18838.0,24,Executive,2,3.0,17,No
40,HR,5726.0,28,Clerk,1,4.0,11,No
28,R&D,6806.0,5,Engineer,3,4.0,27,No
58,HR,4190.0,7,Executive,1,3.0,27,No
37,HR,11108.0,4,Engineer,4,2.0,32,Yes
23,R&D,14178.0,5,Executive,4,1.0,18,No
44,HR,4875.0,24,Manager,3,4.0,27,No
33,R&D,7592.0,1,Manager,3,2.0,36,No
28,HR,19824.0,1,Engineer,4,1.0,25,No
45,R&D,14592.0,15,Clerk,3,4.0,34,No
21,Sales,10927.0,20,Executive,2,,33,No
39,R&D,16437.0,19,Executive,2,3.0,34,No
47,R&D,13530.0,29,Manager,3,1.0,39,No
26,R&D,9010.0,10,Manager,4,2.0,15,No
27,R&D,13207.0,28,Clerk,1,2.0,37,No
54,HR,,18,Clerk,3,,12,No
33,Sales,14040.0,28,Clerk,3,1.0,22,Yes
36,R&D,11218.0,3,Engineer,1,,21,No
55,HR,8471.0,11,Manager,3,2.0,15,No
59,Sales,4863.0,15,Engineer,1,2.0,27,No
23,Sales,12693.0,27,Manager,4,3.0,34,No
21,Sales,3177.0,11,Manager,2,3.0,7,No
25,Sales,6760.0,17,Executive,4,1.0,21,No
23,R&D,2011.0,17,Manager,2,1.0,20,No
48,R&D,18353.0,6,Manager,1,2.0,25,No
37,HR,13556.0,5,Engineer,2,3.0,39,No
45,HR,13563.0,8,Manager,4,4.0,20,No
53,HR,16051.0,2,Engineer,2,4.0,24,No
29,Sales,,16,Clerk,1,2.0,0,No
55,Sales,10234.0,20,Manager,2,2.0,5,No
33,R&D,,24,Manager,3,3.0,22,No
50,Sales,15178.0,12,Engineer,4,3.0,22,No
34,Sales,8570.0,6,Clerk,3,3.0,22,No
27,Sales,2406.0,1,Executive,1,1.0,31,No
33,HR,11206.0,4,Clerk,2,1.0,29,No
42,HR,6431.0,17,Engineer,3,2.0,12,No
59,R&D,8542.0,13,Clerk,3,1.0,17,No
40,Sales,10906.0,18,Engineer,2,3.0,22,No
35,Sales,6146.0,5,Engineer,2,3.0,14,No
37,R&D,14046.0,24,Executive,4,,32,Yes
43,Sales,14611.0,24,Manager,3,4.0,20,No
45,Sales,15076.0,27,Engineer,3,2.0,38,No
44,HR,18524.0,3,Engineer,1,4.0,22,No
48,R&D,6882.0,11,Executive,4,2.0,26,No
34,R&D,16113.0,13,Engineer,1,4.0,17,No
20,R&D,15645.0,4,Manager,3,1.0,23,No
44,R&D,8012.0,26,Executive,1,2.0,39,No
26,HR,19347.0,27,Manager,3,2.0,6,No
28,HR,9151.0,14,Manager,3,2.0,19,No
43,Sales,5610.0,22,Executive,1,3.0,26,No
20,Sales,11884.0,11,Engineer,1,3.0,5,No
27,Sales,8894.0,27,Manager,2,4.0,26,Yes
43,Sales,15467.0,10,Manager,2,1.0,8,No
30,HR,,19,Manager,2,3.0,30,No
36,R&D,11873.0,18,Manager,3,2.0,20,No
27,HR,14289.0,6,Executive,1,3.0,25,Yes
54,Sales,14208.0,27,Executive,4,1.0,39,No
54,HR,12828.0,29,Clerk,3,3.0,12,No
52,R&D,4137.0,15,Clerk,4,2.0,22,No
24,R&D,3286.0,21,Manager,1,4.0,19,Yes
58,HR,17710.0,10,Engineer,3,2.0,36,No
47,HR,13371.0,5,Manager,4,1.0,27,No
26,HR,17945.0,26,Engineer,4,4.0,16,No
28,Sales,9052.0,29,Manager,2,3.0,27,No
27,HR,5654.0,5,Clerk,2,3.0,1,No
31,HR,17600.0,10,Clerk,2,3.0,24,No
53,HR,10636.0,28,Engineer,3,4.0,5,No
52,R&D,8441.0,5,Manager,1,2.0,10,No
42,R&D,11667.0,3,Engineer,1,4.0,37,No
43,Sales,14149.0,23,Clerk,2,4.0,5,No
56,Sales,3798.0,6,Manager,2,1.0,10,No
54,R&D,11600.0,4,Manager,2,4.0,13,No
59,R&D,7495.0,18,Engineer,4,3.0,1,No
41,R&D,11900.0,28,Executive,2,2.0,39,No
46,HR,15673.0,9,Engineer,4,2.0,2,No
54,HR,13130.0,17,Clerk,1,2.0,34,No
20,R&D,17222.0,29,Clerk,3,3.0,32,No
54,HR,3300.0,13,Clerk,3,3.0,23,Yes
56,HR,11435.0,27,Clerk,3,3.0,18,No
33,Sales,6616.0,15,Clerk,3,3.0,17,No
22,R&D,,20,Executive,4,3.0,23,No
20,R&D,12617.0,17,Manager,4,4.0,34,No
24,HR,7752.0,13,Engineer,2,3.0,0,No
45,R&D,11852.0,16,Engineer,4,3.0,35,Yes
33,Sales,8295.0,22,Clerk,2,3.0,24,No
58,Sales,19456.0,4,Engineer,2,3.0,33,No
46,Sales,5225.0,5,Clerk,3,2.0,24,No
28,R&D,3316.0,5,Executive,4,3.0,15,No
34,R&D,,9,Executive,4,4.0,33,Yes
34,R&D,8807.0,17,Manager,2,4.0,28,No
45,R&D,5683.0,13,Executive,2,4.0,18,No
32,R&D,,2,Executive,1,1.0,22,No
51,Sales,5273.0,13,Manager,1,2.0,18,Yes
58,HR,2145.0,22,Engineer,2,,24,Yes
51,Sales,7010.0,21,Clerk,1,1.0,15,No
23,R&D,18035.0,27,Clerk,1,3.0,8,Yes
49,Sales,5040.0,23,Engineer,2,1.0,0,Yes
56,R&D,11654.0,19,Manager,2,1.0,18,No
42,R&D,18866.0,3,Engineer,4,4.0,32,No
58,Sales,19633.0,10,Executive,2,4.0,33,No
34,R&D,19014.0,2,Manager,2,1.0,15,No
48,HR,16996.0,13,Manager,3,4.0,39,No
55,R&D,18336.0,19,Manager,4,1.0,17,No
32,HR,10853.0,26,Clerk,4,2.0,33,No
51,HR,13695.0,17,Engineer,4,4.0,24,No
26,R&D,4852.0,21,Manager,3,4.0,5,No
41,Sales,18014.0,14,Manager,2,4.0,20,Yes
47,HR,2987.0,12,Manager,4,2.0,5,No
21,Sales,9622.0,21,Engineer,4,1.0,31,No
25,HR,11160.0,12,Clerk,1,,38,No
47,R&D,19484.0,11,Executive,4,4.0,30,No
47,R&D,8652.0,7,Clerk,2,1.0,9,No
39,HR,9421.0,4,Manager,2,2.0,29,No
49,R&D,2769.0,19,Clerk,1,3.0,17,No
30,HR,19727.0,1,Clerk,4,4.0,23,No
47,R&D,,28,Executive,4,,8,No
44,Sales,6358.0,24,Engineer,4,2.0,30,Yes
58,R&D,13543.0,29,Engineer,3,3.0,14,No
52,Sales,7699.0,3,Clerk,4,1.0,3,No
20,R&D,19625.0,13,Clerk,2,4.0,39,No
46,Sales,3125.0,15,Engineer,2,4.0,8,No
32,R&D,12793.0,2,Engineer,3,1.0,8,No
22,Sales,8764.0,11,Executive,3,1.0,25,Yes
58,HR,14323.0,4,Manager,4,1.0,3,Yes
25,HR,15031.0,19,Clerk,1,3.0,16,No
27,Sales,16052.0,29,Engineer,3,3.0,15,No
46,R&D,14640.0,17,Clerk,3,4.0,14,No
28,Sales,,3,Clerk,4,3.0,34,No
56,R&D,16210.0,28,Engineer,4,2.0,4,No
52,HR,18456.0,18,Executive,3,4.0,4,No
43,R&D,12106.0,8,Clerk,1,3.0,19,No
34,HR,7189.0,22,Executive,3,1.0,14,No
51,R&D,4472.0,25,Engineer,4,2.0,17,No
51,R&D,19091.0,24,Manager,4,1.0,1,Yes
43,R&D,8704.0,26,Manager,3,4.0,28,No
31,Sales,5713.0,19,Clerk,1,1.0,12,No
58,Sales,7051.0,5,Engineer,3,3.0,3,No
21,HR,12756.0,7,Executive,3,3.0,9,No
22,HR,4475.0,21,Clerk,4,4.0,30,No
56,Sales,5610.0,8,Engineer,1,1.0,7,No
36,HR,6255.0,28,Engineer,2,4.0,2,No
21,Sales,16484.0,5,Executive,1,1.0,8,No
21,R&D,3735.0,17,Clerk,3,2.0,29,No
47,HR,10258.0,5,Engineer,3,3.0,10,No
42,HR,9979.0,4,Engineer,3,4.0,34,No
56,Sales,4428.0,22,Engineer,1,2.0,36,No
51,HR,14345.0,19,Executive,4,2.0,12,No
52,HR,9426.0,27,Clerk,3,4.0,35,No
20,R&D,10533.0,21,Clerk,3,4.0,12,No
38,HR,7249.0,2,Clerk,1,2.0,11,Yes
21,R&D,11686.0,11,Clerk,2,1.0,36,No
45,Sales,16109.0,22,Manager,2,2.0,9,No
51,HR,2661.0,13,Manager,4,4.0,8,No
25,R&D,14075.0,15,Clerk,4,2.0,6,No
51,Sales,16788.0,12,Executive,3,1.0,1,Yes
23,HR,12060.0,22,Manager,1,,22,No
30,Sales,17836.0,21,Engineer,3,3.0,38,No
36,HR,,22,Manager,4,2.0,39,No
57,Sales,5374.0,11,Engineer,1,1.0,38,No
43,Sales,,7,Clerk,1,3.0,20,No
24,R&D,4665.0,28,Manager,4,2.0,22,No
53,Sales,2632.0,5,Executive,2,2.0,28,No
25,HR,,17,Manager,2,1.0,13,No
41,HR,15711.0,24,Manager,1,4.0,25,No
30,R&D,12123.0,20,Manager,3,2.0,4,No
35,HR,9123.0,9,Clerk,2,4.0,30,No
52,HR,12754.0,14,Executive,3,4.0,24,No
28,HR,3679.0,26,Manager,2,3.0,30,Yes
25,Sales,17901.0,12,Executive,2,4.0,19,No
35,Sales,2236.0,6,Clerk,3,1.0,16,No
48,HR,9446.0,17,Engineer,4,,1,Yes
22,R&D,6443.0,19,Manager,2,3.0,24,No
39,Sales,17463.0,19,Executive,2,3.0,12,Yes
55,R&D,10555.0,26,Executive,3,2.0,38,No
38,HR,18669.0,16,Clerk,4,2.0,27,No
45,HR,2148.0,12,Manager,2,4.0,5,No
22,Sales,15395.0,12,Engineer,2,,2,No
38,HR,6895.0,20,Executive,4,3.0,34,No
39,Sales,19396.0,6,Manager,2,1.0,17,No
51,HR,13023.0,23,Engineer,4,4.0,10,No
26,HR,12699.0,26,Executive,4,1.0,19,No
52,Sales,11715.0,4,Executive,3,4.0,4,No
59,Sales,18163.0,6,Engineer,1,4.0,18,No
58,Sales,7782.0,11,Engineer,4,2.0,21,Yes
37,HR,18724.0,1,Clerk,3,2.0,18,Yes
59,HR,4817.0,24,Manager,1,1.0,15,No
20,R&D,17096.0,23,Manager,2,4.0,23,No
30,Sales,7299.0,15,Clerk,1,3.0,3,No
47,HR,11917.0,27,Executive,4,2.0,14,No
44,HR,5267.0,11,Engineer,4,3.0,24,No
42,Sales,6406.0,25,Engineer,4,1.0,34,No
50,R&D,19826.0,19,Engineer,4,2.0,13,No
49,Sales,12382.0,18,Executive,4,2.0,18,No
54,R&D,,17,Engineer,3,4.0,37,No
26,HR,7435.0,19,Engineer,4,1.0,35,No
35,R&D,6107.0,21,Clerk,3,4.0,6,No
45,HR,,14,Executive,2,2.0,29,No
21,Sales,14329.0,27,Manager,4,1.0,18,No
20,Sales,3826.0,18,Clerk,4,2.0,24,No
31,Sales,13421.0,28,Clerk,1,1.0,15,No
24,R&D,14265.0,19,Manager,2,2.0,39,No
56,HR,9629.0,15,Clerk,4,3.0,7,No
51,Sales,10325.0,15,Executive,4,3.0,17,No
28,Sales,9693.0,4,Engineer,2,4.0,27,Yes
54,HR,10264.0,7,Executive,3,3.0,15,No
38,Sales,14686.0,13,Manager,4,2.0,18,No
35,HR,15716.0,3,Manager,1,2.0,16,No
22,HR,8721.0,16,Clerk,4,3.0,12,No
39,HR,9373.0,9,Executive,1,4.0,6,No
43,HR,7907.0,8,Executive,1,3.0,26,No
52,HR,18127.0,20,Manager,4,1.0,9,No
43,R&D,7656.0,13,Executive,4,1.0,33,No
30,Sales,10984.0,17,Manager,1,1.0,35,No
27,R&D,10286.0,17,Executive,2,3.0,24,No
55,Sales,7901.0,17,Executive,2,,5,No
57,R&D,6917.0,1,Executive,4,3.0,23,Yes
59,HR,10429.0,8,Manager,3,1.0,17,No
39,Sales,16716.0,19,Clerk,2,4.0,22,No
54,Sales,17795.0,6,Executive,4,2.0,5,No
44,R&D,13138.0,3,Manager,2,3.0,28,No
54,R&D,4530.0,27,Manager,3,4.0,24,No
44,Sales,19432.0,5,Executive,4,2.0,16,Yes
48,R&D,7772.0,13,Executive,3,2.0,23,No
37,R&D,17476.0,15,Clerk,4,2.0,10,No
37,R&D,17751.0,14,Manager,3,4.0,25,No
21,HR,4964.0,29,Manager,2,4.0,33,No
54,HR,9137.0,23,Engineer,2,1.0,27,Yes
35,R&D,19347.0,16,Manager,3,4.0,2,No
55,R&D,18920.0,18,Clerk,3,4.0,10,No
52,HR,15891.0,22,Engineer,3,4.0,37,No
23,HR,9340.0,29,Engineer,4,2.0,13,No
52,Sales,9967.0,22,Engineer,2,3.0,25,No
33,Sales,14415.0,11,Executive,4,1.0,20,Yes
40,HR,13871.0,3,Executive,2,3.0,38,No
39,R&D,13916.0,22,Manager,1,3.0,29,No
27,R&D,10734.0,10,Engineer,4,4.0,7,Yes
26,R&D,2845.0,10,Clerk,2,1.0,19,No
22,R&D,,21,Executive,2,3.0,31,No
36,Sales,14677.0,16,Clerk,4,3.0,21,No
52,HR,14330.0,12,Clerk,4,1.0,6,No
31,R&D,,2,Executive,2,4.0,8,No
41,Sales,,9,Executive,4,3.0,0,No
41,R&D,8430.0,24,Executive,3,2.0,28,No
49,HR,9154.0,3,Executive,4,3.0,7,Yes
57,Sales,15828.0,24,Engineer,4,2.0,3,No
57,HR,,25,Engineer,4,4.0,34,No
27,HR,8488.0,15,Engineer,2,3.0,2,No
46,Sales,,3,Engineer,3,1.0,39,No
46,Sales,19073.0,19,Manager,1,1.0,6,No
53,Sales,15564.0,18,Engineer,1,3.0,26,No
40,Sales,7078.0,8,Executive,3,4.0,0,No
49,Sales,14168.0,26,Clerk,3,4.0,26,No
52,Sales,7448.0,17,Engineer,3,1.0,15,No
47,Sales,19563.0,8,Manager,2,3.0,37,No
52,R&D,11074.0,7,Executive,1,4.0,6,No
24,HR,8406.0,7,Clerk,3,1.0,22,No
38,Sales,10800.0,3,Clerk,2,2.0,10,No
23,R&D,16083.0,1,Engineer,1,3.0,32,No
54,R&D,3638.0,4,Clerk,4,2.0,35,No
36,R&D,12340.0,25,Engineer,2,2.0,36,No
47,HR,3382.0,5,Engineer,1,4.0,16,No
49,Sales,3403.0,1,Executive,2,4.0,34,No
48,R&D,11011.0,15,Executive,1,4.0,4,No
25,HR,5292.0,5,Manager,1,3.0,31,No
54,HR,11011.0,13,Executive,4,2.0,2,No
56,HR,2419.0,8,Executive,2,3.0,34,No
43,R&D,14411.0,8,Engineer,3,4.0,13,No
48,Sales,6517.0,5,Executive,4,2.0,30,No
50,R&D,17422.0,28,Engineer,4,3.0,30,No
54,R&D,11700.0,9,Engineer,1,3.0,16,Yes
52,Sales,7693.0,1,Executive,3,,23,No
40,Sales,2767.0,4,Manager,2,3.0,22,No
51,Sales,16818.0,3,Manager,3,4.0,17,No
42,HR,3549.0,2,Clerk,3,,13,No
52,Sales,11956.0,8,Clerk,3,2.0,14,Yes
22,R&D,,23,Executive,3,3.0,14,No
37,Sales,,9,Manager,3,1.0,5,No
44,R&D,5716.0,2,Engineer,1,2.0,26,Yes
50,HR,6481.0,14,Clerk,1,2.0,14,No
22,R&D,8548.0,14,Engineer,4,1.0,35,No
59,R&D,6837.0,4,Clerk,1,4.0,7,No
43,Sales,9758.0,6,Executive,4,2.0,14,No
51,Sales,12900.0,11,Manager,4,4.0,2,No
41,R&D,9993.0,3,Clerk,2,2.0,12,No
42,Sales,7542.0,8,Manager,3,2.0,33,No
21,HR,16828.0,3,Engineer,1,,23,No
46,HR,18052.0,14,Executive,2,2.0,39,No
21,Sales,4385.0,28,Manager,1,4.0,31,No
45,HR,16308.0,13,Executive,4,1.0,31,No
36,Sales,2671.0,13,Manager,1,4.0,29,No
59,R&D,2163.0,2,Engineer,3,1.0,12,No
52,R&D,10656.0,13,Engineer,4,2.0,0,No
28,HR,13234.0,29,Executive,4,4.0,33,No
58,Sales,6795.0,19,Engineer,2,2.0,14,Yes
48,Sales,12634.0,27,Clerk,3,4.0,13,No
45,HR,6798.0,6,Manager,4,1.0,28,No
54,R&D,12749.0,16,Engineer,3,1.0,33,No
44,HR,7827.0,2,Clerk,1,4.0,17,Yes
43,R&D,6719.0,8,Executive,3,1.0,6,No
32,Sales,2593.0,17,Clerk,4,2.0,28,No
26,R&D,9394.0,23,Executive,2,2.0,30,No
55,HR,16056.0,2,Executive,4,3.0,24,No
39,Sales,12636.0,10,Manager,3,1.0,37,No
20,HR,2016.0,28,Manager,3,2.0,13,Yes
27,HR,5191.0,16,Clerk,4,,7,Yes
35,R&D,2392.0,6,Manager,3,1.0,26,No
33,HR,8272.0,28,Manager,1,2.0,1,No
31,R&D,18955.0,2,Manager,4,1.0,16,No
42,Sales,5631.0,2,Clerk,2,4.0,36,No
34,R&D,8172.0,26,Engineer,4,2.0,13,No
47,Sales,11312.0,13,Manager,1,3.0,24,No
53,R&D,10906.0,24,Manager,1,3.0,29,No
21,HR,19159.0,15,Clerk,1,1.0,28,No
51,R&D,18462.0,28,Engineer,1,4.0,19,No
42,R&D,,2,Manager,1,2.0,20,No
41,Sales,9099.0,7,Executive,2,4.0,21,No
44,HR,16916.0,3,Clerk,3,2.0,34,Yes
41,R&D,9083.0,8,Manager,1,1.0,36,No
41,HR,11223.0,23,Manager,1,2.0,15,No
25,R&D,6940.0,14,Executive,4,4.0,16,No
34,R&D,5456.0,24,Executive,2,4.0,15,No
56,HR,9788.0,23,Clerk,2,1.0,1,Yes
52,R&D,4711.0,27,Clerk,3,,3,No
27,HR,13280.0,22,Executive,2,2.0,20,Yes
24,R&D,18531.0,29,Clerk,4,1.0,38,No
58,Sales,14089.0,7,Executive,4,2.0,33,No
23,HR,12142.0,21,Manager,3,4.0,29,No
25,R&D,,7,Executive,4,1.0,5,Yes
51,R&D,17587.0,1,Executive,1,2.0,16,No
49,Sales,11866.0,17,Engineer,1,4.0,38,No
54,HR,6531.0,9,Executive,4,4.0,24,No
59,R&D,14686.0,21,Executive,3,3.0,4,No
35,Sales,7330.0,13,Engineer,2,4.0,4,No
32,R&D,7510.0,21,Clerk,3,2.0,19,No
49,HR,10964.0,19,Engineer,2,1.0,15,No
38,R&D,8493.0,21,Manager,4,3.0,36,No
36,R&D,12759.0,19,Engineer,4,4.0,39,No
38,R&D,7439.0,25,Manager,1,4.0,8,No
47,R&D,16473.0,25,Clerk,2,4.0,4,No
45,Sales,11765.0,22,Engineer,3,2.0,1,No
56,Sales,15279.0,17,Engineer,4,3.0,8,No
45,HR,8511.0,23,Clerk,3,2.0,35,No
42,Sales,13483.0,23,Manager,1,3.0,21,No
28,Sales,19630.0,10,Engineer,2,1.0,21,No
31,HR,,10,Manager,2,2.0,21,No
20,Sales,13824.0,4,Engineer,4,2.0,33,No
20,Sales,8979.0,8,Executive,2,1.0,28,Yes
53,HR,11832.0,22,Engineer,4,3.0,37,No
51,HR,14504.0,20,Clerk,1,4.0,32,No
44,HR,8910.0,20,Clerk,2,1.0,17,No
59,R&D,16089.0,18,Manager,4,4.0,6,No
20,R&D,4196.0,14,Engineer,3,4.0,0,No
35,HR,7978.0,18,Manager,4,1.0,32,No
58,HR,19153.0,28,Manager,2,3.0,0,Yes
24,HR,2780.0,14,Executive,1,4.0,23,No
41,R&D,11908.0,20,Executive,2,1.0,3,No
48,R&D,8303.0,21,Clerk,2,2.0,3,No
22,Sales,,24,Manager,4,2.0,17,No
31,Sales,5983.0,15,Clerk,3,2.0,26,No
45,HR,11503.0,22,Engineer,2,1.0,31,No
35,R&D,18905.0,4,Manager,3,2.0,32,No
56,R&D,15070.0,13,Manager,4,4.0,27,No
41,R&D,14232.0,27,Engineer,3,2.0,35,No
48,HR,6583.0,23,Engineer,4,2.0,5,Yes
33,Sales,7946.0,8,Clerk,1,4.0,15,No
47,HR,18377.0,18,Clerk,3,2.0,33,No
24,Sales,9128.0,12,Engineer,3,4.0,22,No
49,Sales,13889.0,23,Clerk,1,2.0,23,Yes
24,HR,14275.0,14,Engineer,3,4.0,12,No
31,Sales,4461.0,2,Manager,1,2.0,17,No
35,Sales,16291.0,18,Manager,2,4.0,12,No
45,R&D,16036.0,24,Executive,4,1.0,36,No
45,Sales,13435.0,2,Manager,1,4.0,38,No
40,HR,2685.0,11,Engineer,3,2.0,16,No
58,HR,14258.0,9,Clerk,1,2.0,14,Yes
55,Sales,17990.0,12,Executive,3,3.0,17,No
52,R&D,18422.0,17,Clerk,2,4.0,22,No
49,R&D,12736.0,15,Engineer,1,,29,No
56,Sales,6875.0,25,Manager,2,4.0,33,No
42,Sales,19640.0,17,Executive,4,4.0,3,No
29,HR,13182.0,26,Engineer,3,1.0,2,No
24,Sales,4196.0,29,Executive,3,,6,Yes
55,R&D,9165.0,26,Executive,2,1.0,17,No
53,Sales,17997.0,18,Manager,4,1.0,6,No
50,HR,16215.0,22,Engineer,1,4.0,39,No
29,HR,2301.0,6,Clerk,1,4.0,5,No
38,HR,19030.0,17,Executive,3,2.0,21,No
51,HR,16571.0,23,Executive,2,2.0,0,No
20,HR,11951.0,24,Clerk,2,3.0,3,No
24,Sales,12773.0,18,Engineer,1,3.0,28,No
23,Sales,18140.0,8,Executive,4,4.0,20,No
35,Sales,15057.0,9,Executive,4,1.0,25,Yes
43,Sales,14500.0,6,Executive,1,3.0,13,No
35,HR,17921.0,5,Engineer,1,4.0,8,No
21,R&D,13870.0,12,Engineer,2,3.0,11,No
47,Sales,6082.0,25,Clerk,4,1.0,5,No
51,R&D,15718.0,29,Engineer,1,4.0,19,No
46,Sales,12517.0,28,Engineer,1,1.0,23,No
39,Sales,5754.0,11,Manager,3,4.0,26,No
43,R&D,3724.0,25,Clerk,1,3.0,37,Yes
31,HR,3376.0,1,Executive,1,2.0,7,No
54,Sales,10706.0,11,Engineer,4,3.0,0,Yes
52,Sales,10894.0,19,Executive,2,3.0,23,No
52,Sales,18406.0,9,Executive,4,2.0,6,No
56,R&D,7926.0,27,Manager,2,2.0,18,No
31,HR,8251.0,2,Engineer,3,4.0,21,No
22,R&D,11496.0,12,Clerk,1,4.0,34,No
20,R&D,5300.0,4,Engineer,3,1.0,29,No
52,HR,10553.0,4,Executive,2,1.0,28,No
59,R&D,5727.0,18,Clerk,4,3.0,21,No
29,HR,18898.0,15,Engineer,4,2.0,10,No
48,Sales,18832.0,19,Executive,3,1.0,19,No
32,HR,8019.0,13,Executive,2,3.0,28,No
31,Sales,17463.0,19,Manager,3,2.0,33,No
50,R&D,12047.0,17,Manager,3,4.0,0,No
21,R&D,13754.0,6,Manager,1,,30,No
54,Sales,4520.0,16,Executive,3,4.0,29,No
42,R&D,5081.0,24,Engineer,1,,17,No
36,HR,3428.0,12,Manager,1,1.0,16,No
45,Sales,5967.0,19,Engineer,4,2.0,37,No
27,R&D,8445.0,5,Manager,1,3.0,13,No
48,Sales,16566.0,17,Clerk,1,4.0,22,No
45,HR,16042.0,26,Clerk,4,2.0,24,Yes
29,HR,13329.0,23,Manager,3,1.0,14,No
45,R&D,4159.0,26,Executive,2,1.0,21,No
53,HR,7132.0,29,Manager,2,3.0,2,No
26,Sales,16933.0,1,Manager,2,4.0,18,No
23,HR,,28,Executive,3,3.0,33,No
30,Sales,12805.0,27,Clerk,1,,34,No
48,Sales,5083.0,25,Engineer,2,4.0,0,No
55,HR,19421.0,24,Manager,3,3.0,20,No
44,R&D,15944.0,23,Executive,1,2.0,28,No
40,HR,9604.0,10,Manager,4,3.0,5,No
55,Sales,17379.0,15,Executive,2,3.0,36,No
29,Sales,5983.0,23,Engineer,1,1.0,0,Yes
56,HR,3778.0,21,Engineer,2,1.0,0,Yes
28,R&D,7110.0,21,Clerk,2,3.0,26,No
43,R&D,14087.0,11,Executive,2,3.0,20,No
54,Sales,19508.0,13,Executive,1,1.0,15,No
54,Sales,19081.0,5,Clerk,3,4.0,39,No
55,R&D,4179.0,1,Clerk,1,3.0,25,No
37,HR,11596.0,24,Executive,2,2.0,15,No
58,Sales,7251.0,12,Clerk,1,2.0,27,No
51,Sales,11235.0,11,Engineer,4,2.0,0,Yes
43,R&D,16871.0,17,Manager,3,3.0,35,No
42,HR,3013.0,4,Engineer,1,4.0,9,No
51,R&D,18610.0,15,Clerk,4,4.0,16,No
56,HR,3828.0,25,Executive,3,1.0,22,Yes
31,HR,9909.0,9,Executive,4,3.0,6,No
32,HR,7588.0,21,Engineer,3,4.0,6,No
42,Sales,15109.0,20,Executive,1,3.0,14,No
44,R&D,4023.0,19,Clerk,4,1.0,33,Yes
54,R&D,16537.0,19,Engineer,2,1.0,3,No
49,HR,7891.0,12,Executive,4,1.0,13,No
36,Sales,3080.0,5,Manager,3,2.0,13,No
39,Sales,7036.0,10,Manager,1,3.0,15,No
44,R&D,17379.0,17,Clerk,3,1.0,6,No
41,Sales,,5,Executive,4,3.0,31,No
32,Sales,4563.0,22,Clerk,4,2.0,18,No
38,HR,5292.0,16,Engineer,2,2.0,1,No
55,Sales,5586.0,7,Manager,1,1.0,9,No
31,HR,18087.0,28,Engineer,1,1.0,16,No
38,R&D,18100.0,9,Executive,4,4.0,36,No
31,Sales,8643.0,3,Clerk,1,3.0,11,Yes
28,R&D,5959.0,15,Clerk,2,1.0,5,No
26,R&D,13005.0,16,Clerk,3,4.0,21,No
47,Sales,12775.0,18,Engineer,1,3.0,31,No
33,Sales,2161.0,14,Manager,4,1.0,19,Yes
50,R&D,18029.0,3,Engineer,3,4.0,0,Yes
38,Sales,18977.0,12,Engineer,3,4.0,5,No
35,HR,16226.0,9,Executive,2,3.0,18,No
24,HR,13154.0,28,Executive,4,4.0,17,No
54,Sales,14080.0,7,Executive,1,3.0,5,No
31,R&D,5390.0,9,Manager,4,3.0,32,No
44,Sales,7997.0,13,Manager,3,3.0,22,No
40,Sales,14693.0,18,Executive,4,2.0,22,Yes
55,R&D,19047.0,5,Executive,1,4.0,25,No
42,R&D,11324.0,13,Manager,1,3.0,12,No
35,HR,2541.0,4,Clerk,2,1.0,6,Yes
58,R&D,,2,Manager,1,2.0,14,No
58,HR,15428.0,16,Manager,1,2.0,26,No
33,R&D,13166.0,9,Manager,4,4.0,25,No
50,Sales,19251.0,9,Executive,4,3.0,32,No
24,HR,18063.0,6,Clerk,3,4.0,14,Yes
54,HR,12258.0,11,Manager,2,2.0,35,Yes
42,HR,18044.0,22,Executive,4,3.0,26,No
48,Sales,7469.0,24,Engineer,1,1.0,4,No
30,Sales,8256.0,22,Engineer,3,3.0,1,No
37,Sales,12720.0,1,Manager,4,2.0,32,No
31,Sales,3169.0,4,Engineer,2,1.0,15,No
28,Sales,2830.0,13,Clerk,2,3.0,22,No
29,HR,3651.0,23,Engineer,3,1.0,37,Yes
36,Sales,19520.0,13,Engineer,3,1.0,15,No
57,HR,11518.0,13,Clerk,3,2.0,13,No
26,Sales,15258.0,2,Manager,3,1.0,28,No
32,R&D,18184.0,9,Manager,3,4.0,25,No
59,HR,3019.0,24,Clerk,1,2.0,34,Yes
28,R&D,12028.0,8,Clerk,1,4.0,14,Yes
46,HR,14448.0,7,Clerk,4,1.0,2,No
21,R&D,14485.0,4,Engineer,2,4.0,22,No
24,Sales,3283.0,18,Clerk,1,3.0,28,No
48,Sales,19043.0,3,Executive,1,1.0,33,No
56,Sales,3733.0,28,Engineer,1,3.0,32,Yes
57,HR,18230.0,6,Manager,4,4.0,22,No
38,R&D,16472.0,12,Manager,3,3.0,6,No
27,Sales,14889.0,12,Manager,4,1.0,2,No
20,R&D,5471.0,21,Engineer,2,3.0,31,No
41,R&D,11028.0,28,Executive,2,4.0,30,Yes
36,Sales,10329.0,8,Clerk,2,4.0,17,No
26,Sales,4097.0,22,Clerk,2,4.0,6,No
44,R&D,16082.0,22,Manager,1,1.0,0,Yes
23,Sales,15930.0,1,Manager,1,4.0,13,No
55,Sales,12077.0,4,Engineer,4,1.0,31,No
25,Sales,8397.0,21,Executive,3,3.0,5,No
50,HR,4757.0,28,Clerk,2,4.0,38,No
38,R&D,19833.0,11,Engineer,4,3.0,9,No
58,R&D,7017.0,3,Clerk,1,2.0,6,No
46,HR,,13,Manager,1,3.0,25,No
29,R&D,9999.0,25,Clerk,3,2.0,33,No
45,Sales,12195.0,17,Executive,3,3.0,29,No
38,R&D,4096.0,22,Executive,3,1.0,35,No
58,Sales,17433.0,22,Manager,4,3.0,20,No
22,HR,12595.0,10,Executive,1,1.0,16,No
32,Sales,17941.0,21,Executive,1,1.0,32,No
47,R&D,17078.0,12,Engineer,3,4.0,9,No
39,R&D,7105.0,15,Clerk,2,1.0,11,No
47,R&D,4839.0,21,Manager,3,2.0,15,No
27,HR,5384.0,10,Manager,4,4.0,31,No
58,HR,12851.0,14,Manager,3,,14,No
20,R&D,12053.0,13,Manager,3,3.0,26,No
22,Sales,15493.0,5,Manager,4,1.0,27,No
32,HR,19069.0,6,Executive,3,1.0,16,No
47,R&D,16139.0,24,Engineer,1,2.0,1,No
44,R&D,9531.0,2,Manager,2,3.0,35,No
52,HR,6283.0,22,Engineer,3,3.0,6,No
57,HR,9736.0,17,Engineer,4,4.0,12,No
25,HR,9710.0,4,Executive,2,4.0,14,No
51,Sales,3619.0,14,Manager,4,4.0,24,No
40,Sales,15975.0,10,Executive,2,,22,No
35,R&D,14835.0,3,Manager,2,2.0,21,No
40,HR,17261.0,25,Executive,3,4.0,25,No
30,Sales,3431.0,3,Engineer,1,3.0,32,No
56,HR,11067.0,15,Manager,3,2.0,10,No
55,R&D,6713.0,6,Clerk,4,3.0,9,No
54,Sales,11557.0,17,Engineer,4,3.0,24,No
38,Sales,,12,Clerk,2,,36,No
39,Sales,6998.0,22,Engineer,2,4.0,37,No
37,R&D,2162.0,20,Executive,1,1.0,23,Yes
33,HR,3974.0,24,Manager,3,4.0,39,Yes
34,Sales,10461.0,29,Engineer,4,4.0,32,No
50,R&D,19015.0,11,Executive,2,3.0,16,No
20,HR,19289.0,25,Manager,1,4.0,23,No
22,R&D,4014.0,4,Manager,4,3.0,36,No
35,HR,11833.0,26,Engineer,2,3.0,1,No
42,R&D,9896.0,28,Manager,4,4.0,31,No
30,HR,2204.0,26,Engineer,1,3.0,23,Yes
31,Sales,18965.0,6,Manager,1,3.0,8,No
29,HR,11032.0,1,Clerk,4,3.0,3,No
51,R&D,7347.0,20,Executive,3,2.0,16,Yes
35,R&D,4643.0,23,Clerk,4,3.0,16,No
27,HR,10017.0,28,Engineer,2,2.0,29,No
57,Sales,19258.0,16,Clerk,3,2.0,39,No
31,Sales,7560.0,15,Engineer,2,,10,No
43,HR,17892.0,17,Manager,4,3.0,20,No
47,HR,16531.0,8,Manager,3,2.0,20,No
27,R&D,19073.0,28,Engineer,2,2.0,17,No
47,Sales,6000.0,26,Clerk,4,3.0,28,No
55,HR,16289.0,12,Manager,4,3.0,23,No
45,Sales,19055.0,27,Executive,3,4.0,9,No
27,HR,9927.0,22,Manager,4,2.0,16,No
47,HR,,21,Executive,1,,17,No
47,Sales,3171.0,10,Clerk,2,4.0,19,No
56,HR,13918.0,27,Executive,2,2.0,36,No
55,HR,11135.0,15,Executive,4,1.0,17,No
46,R&D,8342.0,9,Executive,4,2.0,16,No
36,HR,19833.0,2,Executive,1,4.0,8,No
28,HR,13929.0,5,Manager,3,1.0,13,No
52,HR,4539.0,6,Executive,4,3.0,28,No
39,R&D,5959.0,7,Manager,4,4.0,30,No
32,Sales,15183.0,21,Executive,4,4.0,3,No
47,R&D,7432.0,25,Engineer,4,3.0,17,No
48,R&D,3753.0,1,Clerk,2,4.0,19,No
32,Sales,12123.0,23,Executive,4,2.0,8,No
54,R&D,,26,Engineer,2,3.0,12,No
25,Sales,,7,Executive,4,4.0,14,No
37,R&D,8304.0,20,Executive,3,3.0,26,No
24,Sales,9345.0,25,Executive,1,3.0,14,No
44,HR,17352.0,12,Engineer,3,3.0,27,No
21,R&D,,16,Clerk,4,1.0,36,No
29,R&D,4336.0,16,Engineer,4,,18,No
49,R&D,11879.0,11,Clerk,4,1.0,25,No
24,R&D,2572.0,21,Executive,3,4.0,25,Yes
52,HR,9521.0,4,Manager,4,2.0,24,No
20,R&D,8171.0,13,Executive,3,2.0,25,No
37,HR,15992.0,7,Clerk,2,,25,No
51,HR,13861.0,4,Engineer,1,4.0,27,No
30,HR,,15,Executive,1,3.0,17,No
40,HR,3633.0,19,Engineer,3,3.0,31,No
45,Sales,19901.0,9,Engineer,2,1.0,2,No
44,Sales,14485.0,11,Engineer,3,1.0,1,Yes
41,R&D,12849.0,8,Executive,2,2.0,32,No
46,Sales,5648.0,1,Engineer,4,1.0,18,No
32,Sales,17177.0,23,Engineer,2,4.0,16,No
52,R&D,15140.0,25,Executive,2,4.0,32,No
53,R&D,19921.0,24,Engineer,2,1.0,11,No
54,R&D,,8,Executive,1,1.0,2,No
20,Sales,15368.0,13,Clerk,2,1.0,25,No
40,Sales,5137.0,22,Clerk,4,,34,No
25,R&D,2097.0,27,Clerk,4,2.0,7,Yes
47,HR,13407.0,4,Engineer,4,2.0,35,No
36,R&D,14722.0,8,Manager,2,1.0,6,No
24,HR,14924.0,3,Manager,3,4.0,35,No
50,HR,5750.0,29,Engineer,3,2.0,15,No
24,R&D,10535.0,9,Manager,4,4.0,23,No
57,R&D,6666.0,29,Executive,1,3.0,0,No
22,R&D,18009.0,2,Manager,3,4.0,24,No
42,Sales,18994.0,2,Engineer,2,1.0,9,No
56,HR,3727.0,28,Engineer,3,3.0,15,Yes
56,Sales,,13,Executive,4,2.0,15,Yes
29,Sales,12800.0,15,Clerk,1,2.0,7,No
29,R&D,7055.0,28,Engineer,3,3.0,28,Yes
38,Sales,12271.0,23,Executive,3,4.0,38,No
36,R&D,14819.0,12,Manager,4,2.0,27,No
40,HR,11369.0,26,Manager,1,1.0,5,No
33,R&D,11283.0,4,Executive,1,3.0,15,No
28,Sales,15171.0,26,Executive,4,1.0,19,No
20,Sales,7774.0,8,Engineer,2,3.0,15,No
32,R&D,8519.0,9,Manager,3,2.0,6,No
23,R&D,12983.0,23,Executive,2,4.0,13,No
20,Sales,16939.0,5,Manager,3,3.0,25,No
59,HR,2781.0,24,Executive,3,3.0,25,Yes
51,HR,18282.0,20,Manager,2,1.0,13,No
53,R&D,8823.0,18,Clerk,4,2.0,6,No
47,HR,9193.0,11,Engineer,4,1.0,32,No
50,Sales,4113.0,15,Manager,3,2.0,25,Yes
27,R&D,18280.0,28,Clerk,4,1.0,19,No
58,Sales,15565.0,22,Manager,3,3.0,2,No
45,Sales,12183.0,9,Manager,4,1.0,3,No
53,HR,19961.0,17,Clerk,3,4.0,25,No
22,R&D,11203.0,27,Manager,4,2.0,10,No
31,R&D,17795.0,26,Manager,1,2.0,1,No
20,HR,15489.0,12,Engineer,2,3.0,13,No
24,Sales,7546.0,7,Clerk,1,2.0,29,No
49,Sales,,10,Clerk,2,4.0,11,No
49,Sales,4551.0,25,Executive,2,1.0,25,No
36,Sales,8411.0,26,Manager,3,3.0,32,Yes
42,R&D,18391.0,25,Engineer,2,4.0,12,Yes
34,R&D,2475.0,10,Manager,1,2.0,13,No
56,HR,12403.0,27,Manager,1,2.0,23,No
40,HR,9239.0,13,Executive,4,4.0,33,No
33,R&D,8710.0,19,Manager,1,1.0,25,No
21,R&D,10078.0,11,Engineer,4,,20,No
30,Sales,4285.0,13,Engineer,2,3.0,27,Yes
58,Sales,7223.0,21,Executive,1,2.0,35,No
57,HR,15521.0,8,Manager,2,4.0,39,Yes
53,R&D,16889.0,8,Engineer,1,1.0,1,Yes
57,HR,8971.0,4,Manager,1,3.0,8,No
53,R&D,13531.0,15,Manager,4,2.0,22,No
37,Sales,16721.0,28,Manager,2,2.0,14,No
49,HR,6943.0,11,Executive,1,3.0,12,No
34,HR,8530.0,11,Manager,3,3.0,22,No
46,R&D,13116.0,1,Engineer,2,1.0,16,No
53,Sales,2258.0,17,Manager,2,4.0,1,No
57,HR,2282.0,15,Engineer,2,2.0,19,Yes
52,Sales,15937.0,20,Manager,4,4.0,19,No
43,HR,3898.0,6,Engineer,3,2.0,2,No
34,Sales,6135.0,24,Engineer,2,2.0,11,No
49,R&D,8629.0,22,Manager,1,4.0,39,Yes
36,HR,13168.0,28,Manager,1,3.0,1,No
24,HR,2612.0,25,Engineer,4,1.0,35,Yes
48,Sales,16203.0,15,Clerk,1,2.0,13,No
23,Sales,19071.0,9,Executive,2,3.0,15,No
29,HR,4307.0,14,Clerk,1,2.0,18,Yes
36,R&D,9133.0,18,Clerk,2,1.0,33,No
29,Sales,13205.0,26,Manager,1,2.0,5,No
36,Sales,7906.0,17,Executive,3,1.0,12,No
39,Sales,4591.0,18,Clerk,4,1.0,35,No
43,HR,17149.0,5,Manager,4,2.0,21,No
24,HR,,20,Clerk,3,2.0,17,No
53,HR,,20,Clerk,3,1.0,11,No
25,HR,12102.0,9,Manager,4,3.0,29,No
21,R&D,19053.0,11,Manager,3,4.0,39,No
32,R&D,3283.0,24,Manager,2,1.0,6,Yes
30,HR,2923.0,22,Executive,1,2.0,31,Yes
42,R&D,3125.0,1,Clerk,4,2.0,18,Yes
35,Sales,3529.0,18,Manager,3,3.0,5,No
50,Sales,10438.0,6,Engineer,2,4.0,19,No
30,Sales,18154.0,27,Clerk,4,1.0,26,No
35,HR,10004.0,2,Engineer,3,1.0,36,No
27,Sales,11752.0,15,Executive,4,4.0,6,No
23,R&D,12592.0,29,Manager,3,1.0,4,No
59,HR,5864.0,26,Engineer,4,4.0,10,No
23,R&D,2226.0,21,Executive,2,2.0,14,Yes
44,Sales,17036.0,14,Manager,2,4.0,2,No
22,Sales,13739.0,5,Engineer,1,1.0,4,No
51,Sales,18648.0,6,Engineer,4,4.0,22,No
22,HR,11587.0,6,Executive,1,3.0,36,No
46,R&D,13749.0,22,Manager,4,2.0,8,No
48,HR,2645.0,18,Manager,3,2.0,14,Yes
51,HR,18299.0,14,Engineer,3,4.0,2,No
38,Sales,15675.0,10,Engineer,1,1.0,28,No
40,HR,12964.0,14,Engineer,4,3.0,5,No
24,HR,18087.0,13,Manager,1,2.0,16,No
37,Sales,15537.0,3,Executive,2,2.0,25,Yes
47,HR,15269.0,6,Executive,1,1.0,20,No
41,Sales,11346.0,29,Manager,1,1.0,7,No
40,Sales,2587.0,8,Clerk,3,3.0,20,No
25,Sales,14763.0,12,Executive,1,4.0,10,No
20,Sales,11177.0,13,Engineer,4,,37,Yes
24,HR,6079.0,11,Clerk,3,4.0,7,No
31,Sales,5348.0,12,Clerk,1,3.0,23,Yes
45,Sales,12785.0,1,Executive,2,4.0,34,No
53,HR,14328.0,17,Clerk,1,2.0,13,No
33,HR,8450.0,16,Clerk,1,4.0,13,No
45,R&D,15230.0,11,Executive,1,3.0,9,No
46,HR,7433.0,13,Executive,3,3.0,11,No
28,HR,3098.0,18,Clerk,4,3.0,37,No
45,R&D,9096.0,11,Engineer,2,4.0,33,No
41,HR,13439.0,28,Manager,1,2.0,9,Yes
49,HR,11087.0,12,Clerk,4,1.0,16,No
36,HR,18021.0,6,Clerk,4,2.0,16,No
45,HR,8416.0,9,Engineer,3,4.0,2,No
55,R&D,8980.0,16,Clerk,2,4.0,30,No
20,HR,13101.0,4,Clerk,3,1.0,0,Yes
27,HR,9950.0,3,Manager,4,4.0,11,No
54,R&D,11122.0,28,Manager,4,3.0,38,No
34,Sales,14576.0,16,Manager,4,3.0,3,No
41,R&D,3089.0,24,Executive,3,3.0,12,Yes
33,Sales,6578.0,27,Executive,2,3.0,33,No
45,R&D,11127.0,26,Manager,1,3.0,20,No
47,R&D,12487.0,25,Manager,3,4.0,21,No
42,HR,2155.0,12,Executive,4,1.0,3,No
33,Sales,3958.0,11,Engineer,3,1.0,17,Yes
43,HR,12693.0,5,Clerk,4,3.0,4,No
21,Sales,8344.0,25,Clerk,1,4.0,18,No
45,R&D,7779.0,18,Manager,1,2.0,1,No
33,R&D,5830.0,19,Engineer,2,2.0,11,No
26,Sales,11046.0,23,Executive,4,4.0,16,No
22,HR,11794.0,23,Manager,2,3.0,9,No
42,HR,2441.0,6,Engineer,2,1.0,33,No
37,HR,16478.0,22,Engineer,1,4.0,5,No
57,HR,6628.0,18,Engineer,3,,7,No
54,R&D,8370.0,26,Executive,3,2.0,10,No
34,R&D,11528.0,6,Executive,2,,11,No
44,R&D,19332.0,4,Clerk,1,3.0,8,No
56,R&D,13565.0,12,Clerk,4,,1,No
47,R&D,10179.0,19,Engineer,3,4.0,7,No
29,HR,18013.0,29,Engineer,2,4.0,10,Yes
58,HR,18843.0,27,Executive,3,2.0,35,No
36,HR,2392.0,29,Clerk,3,4.0,9,Yes
58,HR,14130.0,2,Engineer,4,2.0,20,No
41,R&D,12449.0,17,Clerk,1,2.0,19,No
45,R&D,19522.0,11,Clerk,4,1.0,7,No
44,R&D,,11,Engineer,1,3.0,35,No
36,Sales,4454.0,21,Executive,3,3.0,28,No
32,HR,19761.0,16,Engineer,2,1.0,11,No
39,HR,17223.0,2,Engineer,4,1.0,13,No
44,R&D,8701.0,2,Clerk,1,3.0,20,No
23,HR,4597.0,23,Engineer,3,2.0,21,No
29,HR,2141.0,8,Executive,1,2.0,20,No
22,R&D,4659.0,13,Engineer,1,3.0,29,No
37,Sales,,10,Executive,1,2.0,38,No
55,Sales,17037.0,8,Executive,3,1.0,19,No
41,Sales,15970.0,4,Clerk,2,2.0,23,No
53,R&D,,15,Manager,2,2.0,22,No
27,HR,8142.0,1,Manager,2,4.0,6,No
59,R&D,14109.0,11,Clerk,1,4.0,8,No
38,R&D,10787.0,7,Engineer,3,4.0,0,No
56,HR,12096.0,17,Clerk,1,,25,No
25,Sales,10472.0,27,Executive,2,3.0,37,Yes
45,Sales,,20,Manager,2,1.0,37,No
53,R&D,6249.0,24,Clerk,3,2.0,21,No
25,Sales,16949.0,18,Engineer,1,3.0,9,Yes
56,R&D,,22,Clerk,4,2.0,5,No
52,R&D,6088.0,29,Manager,4,1.0,16,No
41,HR,17282.0,22,Clerk,2,2.0,37,No
40,HR,11641.0,12,Clerk,3,1.0,23,Yes
25,HR,7075.0,9,Manager,1,2.0,9,No
25,R&D,12412.0,5,Executive,1,1.0,7,No
23,HR,17686.0,10,Executive,2,2.0,20,No
49,Sales,9230.0,4,Manager,2,1.0,5,No
30,Sales,17432.0,5,Clerk,1,4.0,20,No
49,R&D,13002.0,28,Manager,1,2.0,38,No
50,R&D,15947.0,28,Executive,2,2.0,23,Yes
43,HR,15686.0,10,Engineer,1,3.0,32,No
28,R&D,19915.0,11,Clerk,4,3.0,17,No
22,R&D,15074.0,21,Executive,2,1.0,27,No
50,Sales,6493.0,24,Clerk,1,,31,No
59,Sales,,10,Manager,2,1.0,11,Yes
56,HR,3460.0,28,Engineer,3,4.0,26,Yes
55,R&D,16140.0,8,Manager,2,3.0,9,No
43,R&D,12704.0,2,Engineer,2,1.0,31,No
50,Sales,18669.0,23,Clerk,3,1.0,25,No
25,R&D,18648.0,8,Clerk,4,3.0,24,Yes
21,Sales,8816.0,16,Manager,1,2.0,10,No
39,HR,13639.0,27,Engineer,3,1.0,22,No
47,Sales,16424.0,22,Engineer,2,3.0,33,No
30,R&D,15965.0,5,Clerk,1,2.0,39,No
23,HR,13240.0,27,Manager,3,4.0,22,Yes
34,Sales,2040.0,25,Engineer,1,3.0,28,Yes
25,Sales,7827.0,29,Clerk,1,1.0,30,No
49,HR,10259.0,3,Executive,3,4.0,6,No
57,HR,19371.0,12,Manager,1,2.0,39,No
21,Sales,16849.0,13,Executive,4,2.0,32,No
34,R&D,18232.0,13,Manager,3,3.0,20,No
30,Sales,9804.0,10,Clerk,4,3.0,1,No
27,HR,7374.0,4,Engineer,2,3.0,17,No
45,Sales,4524.0,9,Engineer,1,2.0,32,No
24,HR,11277.0,22,Engineer,2,4.0,36,No
25,HR,11885.0,24,Manager,2,2.0,33,No
45,R&D,2778.0,23,Clerk,1,1.0,19,Yes
23,HR,3492.0,27,Executive,3,2.0,34,Yes
38,HR,19044.0,2,Clerk,1,1.0,17,No
39,R&D,19732.0,19,Executive,2,4.0,23,No
52,HR,15615.0,1,Manager,2,3.0,7,No
39,R&D,14132.0,25,Manager,3,3.0,29,No
31,R&D,12178.0,29,Executive,1,,9,No
20,HR,9851.0,7,Executive,2,3.0,22,No
45,HR,18288.0,17,Executive,4,4.0,10,No
33,Sales,9156.0,3,Clerk,2,3.0,1,Yes
57,R&D,4044.0,20,Executive,2,2.0,25,No
56,Sales,9368.0,20,Manager,3,4.0,35,No
30,HR,15635.0,21,Manager,4,1.0,32,No
55,Sales,11168.0,3,Engineer,2,2.0,12,No
32,R&D,,3,Executive,2,1.0,39,No
22,Sales,13328.0,17,Clerk,4,4.0,24,No
52,R&D,15319.0,7,Clerk,1,2.0,3,No
25,HR,2342.0,27,Clerk,1,2.0,18,Yes
29,HR,3447.0,26,Engineer,2,4.0,17,Yes
24,R&D,8581.0,14,Manager,2,3.0,36,No
42,HR,13851.0,17,Clerk,1,2.0,29,No
29,HR,8317.0,18,Manager,3,2.0,18,No
21,HR,18910.0,13,Engineer,4,1.0,22,No
32,HR,12088.0,20,Executive,4,,15,No
59,R&D,14946.0,29,Executive,3,1.0,0,Yes
21,Sales,18789.0,20,Executive,3,1.0,11,No
39,Sales,16567.0,21,Clerk,3,3.0,23,No
20,HR,16868.0,27,Executive,3,3.0,33,No
56,Sales,11765.0,18,Clerk,3,4.0,7,Yes
28,Sales,14466.0,4,Engineer,3,3.0,17,No
36,HR,19862.0,1,Engineer,4,2.0,4,No
28,HR,12587.0,18,Clerk,3,3.0,25,No
30,Sales,2771.0,1,Manager,1,4.0,29,No
34,R&D,18300.0,26,Executive,3,4.0,12,No
43,HR,10770.0,26,Executive,3,4.0,18,No
57,R&D,13093.0,13,Executive,4,3.0,28,Yes
54,Sales,15803.0,20,Clerk,4,3.0,2,No
49,HR,2193.0,20,Engineer,3,1.0,25,No
50,R&D,4007.0,23,Executive,4,1.0,39,No
24,HR,19569.0,10,Engineer,2,2.0,11,No
33,Sales,13190.0,27,Executive,4,1.0,1,Yes
30,R&D,11984.0,11,Executive,4,2.0,10,No
28,Sales,11302.0,9,Clerk,4,4.0,27,No
53,Sales,9429.0,9,Manager,4,1.0,17,No
31,HR,4261.0,5,Clerk,1,3.0,12,No
54,R&D,8716.0,26,Executive,1,1.0,36,No
54,Sales,10921.0,1,Executive,1,2.0,21,No
20,Sales,6378.0,17,Manager,3,1.0,11,No
59,R&D,9815.0,22,Engineer,3,,1,No
41,Sales,15778.0,2,Engineer,2,3.0,36,No
48,Sales,14728.0,24,Executive,1,2.0,6,No
27,R&D,12332.0,13,Engineer,3,3.0,25,No
30,R&D,11836.0,9,Executive,4,3.0,25,No
56,R&D,4800.0,29,Manager,4,,23,No
33,R&D,10333.0,4,Manager,1,3.0,11,No
49,HR,7410.0,5,Executive,2,3.0,15,No
54,R&D,19839.0,11,Manager,2,1.0,22,No
40,HR,7808.0,24,Clerk,4,3.0,39,No
56,HR,8796.0,19,Clerk,2,3.0,8,No
24,HR,12288.0,21,Manager,1,3.0,31,No
38,Sales,19709.0,3,Executive,4,3.0,14,No
33,HR,19543.0,12,Executive,3,2.0,36,No
45,HR,6650.0,26,Manager,3,4.0,12,No
23,Sales,6987.0,19,Engineer,2,1.0,4,No
44,Sales,17200.0,19,Clerk,4,3.0,10,No
44,Sales,6697.0,13,Engineer,4,,9,No
37,R&D,18724.0,28,Executive,3,2.0,12,Yes
59,Sales,5828.0,7,Executive,4,4.0,14,No
27,Sales,19087.0,15,Engineer,4,3.0,6,No
58,HR,14605.0,23,Manager,4,2.0,39,No
59,Sales,7482.0,7,Engineer,2,1.0,27,No
33,R&D,7463.0,26,Engineer,4,1.0,31,No
51,Sales,15860.0,8,Clerk,1,3.0,34,Yes
57,R&D,,5,Clerk,2,3.0,14,No
52,Sales,6648.0,21,Engineer,4,4.0,35,No
42,Sales,2855.0,14,Engineer,4,4.0,20,No
34,Sales,4866.0,4,Executive,1,3.0,5,No
52,Sales,13834.0,23,Clerk,2,2.0,0,No
44,R&D,18294.0,10,Clerk,3,4.0,3,No
36,R&D,18566.0,20,Executive,3,3.0,10,No
52,HR,5112.0,15,Manager,2,4.0,25,No
21,R&D,6492.0,18,Clerk,4,3.0,36,No
33,Sales,17114.0,20,Clerk,4,1.0,22,No
59,HR,3517.0,13,Manager,3,3.0,28,No
59,HR,18018.0,29,Clerk,3,1.0,20,No
58,HR,19740.0,8,Clerk,3,4.0,26,No
25,Sales,13431.0,9,Manager,1,3.0,38,No
25,R&D,10210.0,16,Manager,3,4.0,39,No
22,Sales,13595.0,19,Engineer,1,1.0,12,No
26,HR,14871.0,16,Executive,2,3.0,22,No
27,Sales,14743.0,7,Executive,4,4.0,15,Yes
34,Sales,11324.0,14,Manager,3,1.0,29,Yes
48,R&D,13531.0,28,Manager,4,4.0,3,No
52,R&D,8588.0,14,Clerk,4,,39,No
49,HR,5311.0,25,Engineer,3,1.0,15,No
58,Sales,2987.0,27,Engineer,3,1.0,30,Yes
46,Sales,5321.0,4,Manager,2,1.0,24,No
55,R&D,17812.0,26,Clerk,1,3.0,11,No
48,Sales,6615.0,15,Clerk,1,3.0,25,No
57,Sales,17512.0,3,Executive,4,3.0,36,No
52,Sales,15146.0,5,Executive,3,2.0,32,No
56,R&D,15654.0,1,Clerk,2,2.0,27,No
46,HR,5052.0,3,Executive,2,1.0,8,No
52,HR,2726.0,15,Manager,2,,11,No
23,Sales,5760.0,24,Clerk,2,4.0,4,No
41,HR,3875.0,27,Executive,2,1.0,27,Yes
21,R&D,15969.0,8,Engineer,1,1.0,34,No
29,R&D,6033.0,29,Clerk,1,4.0,4,No
24,HR,7443.0,4,Clerk,1,1.0,33,No
29,HR,19373.0,2,Engineer,3,2.0,33,Yes
52,Sales,5744.0,29,Manager,4,3.0,12,No
57,HR,18977.0,24,Engineer,2,4.0,38,No
32,Sales,3774.0,24,Clerk,3,2.0,13,Yes
50,Sales,12651.0,10,Manager,2,4.0,10,No
55,R&D,2935.0,4,Executive,1,4.0,37,No
43,R&D,15395.0,3,Executive,3,1.0,3,No
34,R&D,5808.0,2,Executive,1,1.0,32,No
48,R&D,18715.0,25,Clerk,2,2.0,6,Yes
27,HR,13641.0,17,Engineer,2,4.0,7,No
24,R&D,16376.0,23,Manager,4,1.0,36,No
48,HR,7889.0,21,Executive,2,1.0,9,No
23,R&D,7054.0,24,Manager,1,4.0,14,No
31,HR,5868.0,20,Clerk,2,2.0,37,No
21,Sales,18585.0,23,Executive,4,2.0,14,No
46,HR,3842.0,13,Clerk,4,4.0,4,No
50,HR,12058.0,5,Engineer,1,2.0,28,No
55,R&D,11101.0,21,Clerk,3,1.0,18,No
55,HR,14497.0,9,Clerk,2,4.0,9,No
45,Sales,6658.0,25,Engineer,4,1.0,11,Yes
46,Sales,13381.0,29,Manager,2,3.0,3,No
24,R&D,9544.0,25,Engineer,2,3.0,30,No
39,Sales,9718.0,28,Engineer,3,2.0,17,No
30,HR,15851.0,22,Clerk,4,3.0,15,No
29,Sales,19154.0,6,Manager,2,1.0,39,No
59,R&D,13777.0,5,Executive,4,3.0,35,No
57,HR,3628.0,25,Engineer,1,1.0,24,Yes
25,R&D,2386.0,10,Manager,1,2.0,22,No
27,HR,8031.0,8,Engineer,2,2.0,11,No
42,Sales,8439.0,7,Engineer,4,1.0,33,No
45,R&D,15392.0,7,Engineer,2,3.0,35,No
31,R&D,4282.0,6,Engineer,4,2.0,36,Yes
45,HR,3856.0,21,Clerk,4,4.0,2,Yes
32,R&D,17670.0,29,Manager,3,2.0,8,No
59,HR,3998.0,20,Manager,3,3.0,17,No
37,HR,7476.0,3,Manager,3,4.0,34,No
44,HR,11428.0,19,Engineer,2,3.0,33,Yes
52,HR,6669.0,22,Clerk,3,1.0,13,No
59,Sales,14336.0,15,Engineer,3,,3,No
31,HR,11342.0,4,Engineer,1,3.0,28,No
55,R&D,9064.0,28,Manager,4,4.0,14,No
23,Sales,9446.0,12,Engineer,4,,27,No
24,R&D,19815.0,6,Executive,3,4.0,15,No
56,Sales,,19,Engineer,4,3.0,11,No
27,HR,9461.0,4,Executive,1,1.0,4,No
47,Sales,3819.0,15,Engineer,1,4.0,33,No
50,Sales,12516.0,9,Clerk,3,4.0,0,No
28,R&D,15749.0,5,Clerk,1,4.0,38,No
48,R&D,19514.0,13,Manager,4,4.0,31,No
